sub_dir,D0,D1,D2,D3,D4,D5,D6,D7,D8,D9,D10,D11,D12,D13,D14,D15,IALL,ITEST
,4.375053e-10,3.507890e-10,4.254154e-10,3.490775e-10,4.258992e-10,3.498697e-10,4.249893e-10,3.534032e-10,4.256271e-10,3.505504e-10,4.252202e-10,3.493491e-10,4.255357e-10,3.502703e-10,4.253247e-10,3.525438e-10,-5.715905e-05,-3.032946e-05
alt_pattern,3.277133e-10,4.291610e-10,3.229842e-10,4.234806e-10,3.250082e-10,4.243981e-10,3.245611e-10,4.207603e-10,3.240688e-10,4.289522e-10,3.247068e-10,4.235593e-10,3.229702e-10,4.243670e-10,3.226842e-10,4.187428e-10,-5.860480e-05,-2.485865e-05
default_pattern,4.375053e-10,3.507890e-10,4.254154e-10,3.490775e-10,4.258992e-10,3.498697e-10,4.249893e-10,3.534032e-10,4.256271e-10,3.505504e-10,4.252202e-10,3.493491e-10,4.255357e-10,3.502703e-10,4.253247e-10,3.525438e-10,-5.715905e-05,-3.032946e-05
